domain,url,title
x-pilot.ai,https://www.x-pilot.ai/blog/multilingual-training-video-global-teams-guide-2026,How to Create Multilingual Training Videos for Global Teams
miraflow.ai,https://miraflow.ai/blog/multilingual-training-videos-ai-localization,Multilingual Training Videos: AI Localization Guide
leadde.ai,https://leadde.ai/blog/how-to-create-multilingual-medical-training-videos,How to Create Multilingual Medical Training Videos
smartcat.com,https://www.smartcat.com/training-video-creator/,Training Video Creator - Powered by AI
bluecarrot.io,https://bluecarrot.io/blog/how-to-develop-multilingual-e-learning-videos-8-steps-to-global-success/,8 Steps to Develop Multilingual E-Learning Video Content
perso.ai,https://perso.ai/de/blog/fastest-way-to-make-multilingual-videos,Fastest Way to Make Multilingual Videos
articulate.com,https://www.articulate.com/blog/multilingual-onboarding-why-you-need-it-and-how-to-do-it/,Multilingual Onboarding: Why You Need It and How to Do It
commlabindia.com,https://www.commlabindia.com/blog/ai-craft-multilingual-training-videos,AI: How it Helps to Craft Multilingual Training Videos
videoai.me,https://videoai.me/blog/multilingual-ai-video-guide-2026,Multilingual AI Video Guide 2026
easygenerator.com,https://www.easygenerator.com/en/blog/e-learning/best-training-video-software/,Best training video software in 2026
filmgrail.com,https://filmgrail.com/blog/how-to-localize-video-content-for-global-audiences/,How to Localize Video Content for Global Audiences
getblend.com,https://www.getblend.com/blog/influencers-video-content-localization-strategy/,Video Content Localization Strategy with Influencers
lionbridge.com,https://www.lionbridge.com/blog/translation-localization/top-5-tips-for-localizing-video-and-audio-content/,Top 5 Tips for Localizing Video and Audio Content
rask.ai,https://www.rask.ai/blog/how-video-content-localization-can-help-scaling-products-global,How Video Content Localization Can Help Scaling Your Products
lipdub.ai,https://www.lipdub.ai/blogs/marketing-localization,Marketing Localization: 7 Best Practices
localizationinstitute.com,https://www.localizationinstitute.com/a-media-localization-primer-types-challenges-and-future-avenues/,A Media Localization Primer
desygner.com,https://desygner.com/blog/content-localization/,Content Localization: 5 Key Areas to Go Global
acclaro.com,https://www.acclaro.com/blog/maximizing-impact-with-localized-video-your-complete-guide/,Maximizing Impact with Localized Video
maestra.ai,https://maestra.ai/blogs/video-localization-10-best-practices,What Is Video Localization? 10 Best Practices
captions.ai,https://captions.ai/blog/video-localization-a-complete-guide-for-global-brands,What Is Video Localization? A Guide For Global Brands
rws.com,https://www.rws.com/blog/what-is-video-localization/,What Is Video Localization? A Strategic Guide
transperfect.com,https://www.transperfect.com/blog/10-best-practices-video-localization,10 Best Practices for Video Localization
travod.com,https://travod.com/blog/rise-of-global-video,The rise of global video: A guide to professional video
smartling.com,https://www.smartling.com/blog/ai-for-video-localization,AI for video localization: 6 best practices
360learning.com,https://360learning.com/blog/360learning-ai-translations/,Scale Global Training with One-Click Translations
deepl.com,https://www.deepl.com/en/blog/deepl-articulate-localized-workplace-learning,How DeepL and Articulate deliver localized workplace learning
emptrust.com,https://www.emptrust.com/multilingual-onboarding-the-art-of-driving-employee-engagement-with-translated-material/,Multilingual Onboarding: Driving Employee Engagement
assimasolutions.com,https://assimasolutions.com/resources/blog/why-traditional-onboarding-fails-for-global-teams-and-what-to-do-about-it/,Multilingual Onboarding Challenges
interproinc.com,https://www.interproinc.com/3-reasons-why-elearning-translation-is-important-for-manufacturers/,eLearning Translation: Boosting Global Workforce Skills
training.safetyculture.com,https://training.safetyculture.com/blog/elearning-translation-services/,10 Elearning providers with translation services
interscribe.io,https://interscribe.io/blog/compliance-training-translation-costs,Compliance Training Translation Costs
akool.com,https://akool.com/blog-posts/ai-training-videos,AI Training Videos: Translation Tools Simplify Global
3playmedia.com,https://www.3playmedia.com/blog/subtitling-vs-dubbing/,Subtitling vs. Dubbing: Which is Right?
amberscript.com,https://www.amberscript.com/en/blog/dubbing-vs-subtitles-are-they-both-necessary-for-translation/,Dubbing vs Subtitles: Are They Both Necessary?
spgstudios.com,https://www.spgstudios.com/blog/dubbing-vs-subtitling,Dubbing vs Subtitling Services
vozo.ai,https://www.vozo.ai/blogs/dub-vs-subtitles,Dub vs Subtitles: Which is Better for Video Localization
uthena.com,https://uthena.com/blogs/tips/dubbing-vs-subtitles-courses-converts-better,Dubbing vs Subtitles for Courses: What Converts Better
banzai.io,https://www.banzai.io/blog/video-marketing-strategy-guide,Level Up Your Video Marketing Strategy: Ultimate Guide
localizejs.com,https://localizejs.com/articles/the-ultimate-guide-to-video-marketing-strategy,The Ultimate Guide to Video Marketing Strategy
vimeo.com,https://vimeo.com/blog/post/video-content-marketing-strategy,Video Content Strategy: Marketing Insights
leadfeeder.com,https://www.leadfeeder.com/blog/marketing-strategy/b2b-video-marketing-strategy/,B2B Video Marketing: 6 Tips
adilo.com,https://adilo.com/blog/video-marketing-strategy-for-2026-according-to-experts/,Ultimate Video Marketing Strategy for 2026
ignitevisibility.com,https://ignitevisibility.com/video-marketing-guide/,Developing a Video Marketing Strategy
playplay.com,https://playplay.com/blog/repurpose-video-content/,7 Ways to Repurpose Your Video Content in 2026
typeface.ai,https://www.typeface.ai/blog/how-to-use-ai-to-repurpose-video-content,How to Use AI to Repurpose Videos
idearocketanimation.com,https://idearocketanimation.com/18413-distribute-video-content/,10 Clever Ways To Distribute and Repurpose Video Content
storykit.io,https://storykit.io/blog/repurpose-video-content,5 ways to repurpose video content
streamyard.com,https://streamyard.com/blog/repurpose-video-content-ai-streamyard,How to Repurpose Video Content With AI
castmagic.io,https://www.castmagic.io/post/repurposing-video-content,10 Expert Tips for Repurposing Video Content
getkoro.app,https://getkoro.app/blog/repurpose-video-content-using-ai,12 Smart Ways to Repurpose Video Content Using AI
simpleshow.com,https://simpleshow.com/blog/how-to-create-inclusive-corporate-videos-for-global-audiences/,How to create inclusive corporate videos for global audiences
thinkbrandedmedia.com,https://thinkbrandedmedia.com/blog/expanding-your-reach-tips-for-adding-multiple-languages-to-subtitles/,Tips for Adding Multiple Languages to Subtitles
globallink.transperfect.com,https://globallink.transperfect.com/blog/multilingual-marketing-how-to-reach-foreign-language-audiences,How to Reach a Global Audience with Multilingual Marketing
shunyanant.in,https://shunyanant.in/creating-multi-language-videos/,How to Create Multi-Language Videos
blog.ollang.com,https://blog.ollang.com/en/blog-details/subtitling-videos-for-global-employees,Subtitling Corporate Videos For A Global Workforce
contentloc.com,https://contentloc.com/blog/the-future-of-global-content-how-video-translation-services-are-revolutionizing-communication/,How Video Translation Services Are Revolutionizing Communication
community.articulate.com,https://community.articulate.com/blog/articles/e-learning-localization-best-practices/1220822,E-Learning Localization Best Practices
lingohub.com,https://lingohub.com/blog/how-to-localize-an-e-learning-product-challenges-and-best-practices,How to localize an e-learning product
jrlanguage.com,https://jrlanguage.com/blog/elearning-translation-essential-best-practices-for-a-global-audience/,eLearning Translation: Essential Best Practices
intext.com,https://intext.com/blog/blog_202.html,Localizing e-learning in Articulate Storyline 360
happyscribe.com,https://www.happyscribe.com/blog/localizing-elearning-courses-guide,Localizing Your E-Learning Courses: A Full Guide
lemonfox.ai,https://www.lemonfox.ai/blog/best-ai-dubbing-software,12 Best AI Dubbing Software Platforms
pitchavatar.com,https://pitchavatar.com/video-dubbing-guide/,"Video Dubbing: Process, Tools & AI Trends"
guildhawk.com,https://www.guildhawk.com/blog/what-is-ai-dubbing-your-comprehensive-guide-from-guildhawk,What is AI Dubbing? Comprehensive guide
verbit.ai,https://verbit.ai/general/dubbing-and-localization-what-you-need-to-know/,AI dubbing and content localization
voice123.com,https://voice123.com/blog/the-voice-over-industry/dubbing/,Dubbing: How to create the best multilingual masterpiece
guidde.com,https://www.guidde.com/knowledge-hub/onboarding-video-best-practices-guide-2026,Onboarding Video Best Practices: Complete Guide 2026
lmwgroup.com,https://lmwgroup.com/best-practices-for-global-onboarding/,Global onboarding best practices
deel.com,https://www.deel.com/blog/companies-best-onboarding-programs/,11 Companies with the Best Onboarding Programs
enboarder.com,https://enboarder.com/blog/best-onboarding-practices/,Onboarding Best Practices
hrcloud.com,https://www.hrcloud.com/blog/global-employee-onboarding-guide,Global Employee Onboarding Guide
oysterhr.com,https://www.oysterhr.com/library/onboarding-best-practices,10 onboarding best practices
globalization-partners.com,https://www.globalization-partners.com/blog/tips-for-onboarding-international-employees/,Tips for onboarding employees globally
cremyx.app,https://cremyx.app/blog/case-study-global-brand-scales-30-markets-synthetic-media,How to Scale Content Production Across Global Markets
infosysbpm.com,https://www.infosysbpm.com/blogs/digital-business-services/global-content-strategy-approach-for-brands.html,Scaling content with a global content strategy
superside.com,https://www.superside.com/blog/content-localization,Mastering Global Markets With Content Localization
veracontent.com,https://veracontent.com/mix/global-content-strategy/,Creating a global content strategy
hashmeta.ai,https://www.hashmeta.ai/en/blog/ai-content-localization-how-to-adapt-marketing-content-for-global-markets-at-scale,How to Adapt Marketing Content for Global Markets at Scale
bluetext.com,https://bluetext.com/blog/creating-scalable-content-marketing-frameworks-for-global-saas-companies/,Scalable Content Marketing Frameworks for Global SaaS
goodmanlantern.com,https://goodmanlantern.com/blog/enterprise-content-marketing-strategy/,Scalable Content Marketing Strategy
corp.kaltura.com,https://corp.kaltura.com/blog/saas-video-marketing-strategy-for-growth-examples-and-video-types/,SaaS video marketing strategy for growth
dubly.ai,https://dubly.ai/blog/how-to-translate-youtube-videos-professionally-and-reach-a-global-audience,How to Translate YouTube Videos Professionally
subsub.io,https://www.subsub.io/blog/youtube-video-translation,YouTube Video Translation: How to Reach a Global Audience
youtubetotext.ai,https://youtubetotext.ai/blog/translate-youtube-video/,translate your YouTube videos to reach global audience
aidubbing.io,https://aidubbing.io/blog/grow-your-youtube-channel-with-audio-dubbing,Grow Your YouTube Channel With Audio Dubbing
dubverse.ai,https://dubverse.ai/blog/how-to-get-more-views-on-youtube/,How to Get More Views on YouTube
translinguist.com,https://translinguist.com/blog/translating-youtube-videos-can-increase-viewers-and-revenue/,Does Translating YouTube Videos Increase Views
voquent.com,https://www.voquent.com/blog/how-to-grow-your-channel-with-the-youtube-multi-audio-track-feature/,How to Grow your Channel with YouTube Multi Audio
repurposemywebinar.com,https://www.repurposemywebinar.com/blog/webinar-repurposing-tool,Top 12 Webinar Repurposing Tools
on24.com,https://www.on24.com/blog/how-to-repurpose-your-webinar-series-content/,How To Repurpose Your Webinar Series Content
ewebinar.com,https://ewebinar.com/blog/7-creative-ways-to-repurpose-your-webinar-content,7 Creative Ways to Repurpose Your Webinar Content
exemplary.ai,https://exemplary.ai/en/blog/repurpose-webinar-content,12+ Smart ways to repurpose your webinar
xtm.ai,https://xtm.ai/blog/content-localization,Everything you need to know about content localization
truefan.ai,https://www.truefan.ai/blogs/content-localization-ultimate-guide-2025,Ultimate 2025 Guide to Content Localization Strategy
shopify.com,https://www.shopify.com/blog/content-localization,Content Localization: How to Grow International
crowdin.com,https://crowdin.com/blog/content-localization,Content Localization Best Practices
distribution.ai,https://www.distribution.ai/blog/content-localization-shorts-reels-tiktok,"Content Localization for Shorts, Reels & TikTok"
saasconsult.co,https://saasconsult.co/blog/saas-gtm-strategy-international-expansion/,SaaS GTM for International Markets
payproglobal.com,https://payproglobal.com/how-to/expand-saas-business-internationally/,How to Expand SaaS Business Internationally
gmarketing.io,https://gmarketing.io/saas-marketing-strategies-for-global-expansion-how-to-reach-clients-worldwide/,SaaS Marketing Strategies for Global Expansion
chartmogul.com,https://chartmogul.com/blog/prepare-saas-global-expansion/,How to prepare your SaaS for global expansion
saastock.com,https://www.saastock.com/blog/how-to-prepare-for-global-expansion/,How to prepare your SaaS for global expansion
pixeltable.com,https://www.pixeltable.com/blog/automated-video-translation-voiceover-pipeline,Automated Video Translation Pipeline
screenpal.com,https://screenpal.com/blog/product-demo-videos,How to create product demo videos
daytranslations.com,https://www.daytranslations.com/blog/audio-and-video-translation-capturing-multilingual-audiences-through-media/,Audio and Video Translation
ngram.com,https://www.ngram.com/blog/article/best-product-demo-video-makers,10 Best Product Demo Video Makers in 2026
avacompli.com,https://avacompli.com/blog/multilingual-compliance-training,Multilingual Compliance Training: Best Practices
coggno.com,https://coggno.com/blog/how-to-scale-compliance-training-globally-choosing-a-company-with-multilingual-support/,How to Scale Compliance Training Globally
goodhabitz.com,https://www.goodhabitz.com/resources/blog/multilingual-learning-for-global-workforces,Why multilingual learning is essential
flagright.com,https://www.flagright.com/post/the-definitive-guide-to-mastering-multilingual-compliance-in-global-operations,A Guide to Mastering Multilingual Compliance
argosmultilingual.com,https://www.argosmultilingual.com/blog/global-compliance-local-consistency-ensuring-effective-localized-training-worldwide,"Global Compliance, Local Consistency"
skilllake.com,https://www.skilllake.com/blogs/need-of-multilingual-lms,Why a Multilingual LMS is Essential
bamboohr.com,https://www.bamboohr.com/blog/compliance-training,Compliance Training: What It Is
sociabble.com,https://www.sociabble.com/blog/sociabble-features/video-communication-uniting-global-teams/,Video Communication: Uniting Global Teams
gillespieproductions.com,https://www.gillespieproductions.com/blog/leveraging-internal-communications-video-services,Leveraging Internal Communications Video Services
almtranslations.com,https://www.almtranslations.com/news/using-ai-video-services-in-internal-communication-strategies/,Using AI Video Services in Internal Communication
navattic.com,https://www.navattic.com/blog/how-to-scale-global-sales-enablement,How Intermedia Scaled Global Sales Enablement
celum.com,https://www.celum.com/en/blog/sales-enablement-strategy/,How to create a winning Sales Enablement Strategy
epiphan.com,https://www.epiphan.com/blog/sales-enablement-strategy/,5 ways video can support sales enablement
taia.io,https://taia.io/resources/blog/localization-trends-future-global-communication/,Top 5 Localization Trends in 2026
trainn.co,https://trainn.co/blog/how-to-use-videos-in-customer-service/,Enhance Customer Service with Videos
convey911.com,https://www.convey911.com/blog/translation-in-communication,Translation in Communication Guide
transifex.com,https://www.transifex.com/blog/how-to-automate-multilingual-video-at-the-speed-of-localization,How to Automate Multilingual Video
weet.co,https://weet.co/blog/knowledge-base-video-everything-you-need-to-know,Knowledge Base Video: Everything You Need to Know
ivannovation.com,https://ivannovation.com/blog/how-to-translate-videos/,How to Translate Videos: Step-by-Step Guide
aglatech14.com,https://www.aglatech14.com/en/how-to-make-your-videos-accessible-with-multilingual-subtitles/,Inclusive videos: importance of multilingual subtitles
birdeatsbug.com,https://birdeatsbug.com/blog/video-captioning-best-practices,15 Video Captioning Best Practices
userway.org,https://userway.org/blog/accessible-videos/,Accessible Videos Strategies
blog.vmgstudios.com,https://blog.vmgstudios.com/localization-versus-translation-video-marketing,Localization vs. Translation
zapier.com,https://zapier.com/blog/best-ai-video-generator/,The 18 best AI video generators in 2026
digitalocean.com,https://www.digitalocean.com/resources/articles/ai-animation-video-generator,15 AI Animation Video Generators
marketbetter.ai,https://www.marketbetter.ai/blog/best-ai-video-tools-sales-teams-2026/,Best AI Video Tools for Sales Teams in 2026
techbre.com,https://www.techbre.com/best-ai-video-generators/,Best AI Video Generator: Top Tools in 2026
mediashower.com,https://www.mediashower.com/blog/free-ai-video-tools/,The Best Free AI Video Tools for Marketers
tryhooked.ai,https://www.tryhooked.ai/blog/best-ai-video-creation-tools,12 Best AI Video Creation Tools
getsnippets.ai,https://www.getsnippets.ai/articles/best-ai-video-generator,The Best AI Video Generators in 2026
supertone.ai,https://www.supertone.ai/en/work/global-content-my-voice-ai-23-languages,Complete Guide to AI Voice Cloning in 23 Languages
dubsmart.ai,https://dubsmart.ai/blog/ultimate-guide-to-multilingual-speech-recognition-in-ai-dubbing,Ultimate Guide to Multilingual Speech Recognition in AI Dubbing
trembit.com,https://trembit.com/blog/speech-to-speech-translation-solutions-with-ai-voice-cloning-explained/,Speech-to-speech Translation with AI Voice Cloning
fish.audio,https://fish.audio/blog/ai-audio-translation/,AI Audio Translation: Complete Guide 2026
1stopasia.com,https://www.1stopasia.com/blog/voice-cloning-ai-dubbing-multilingual-content/,Voice Cloning and AI Dubbing for Scalable Global Content
sync.so,https://sync.so/blog/how-to-use-ai-lip-sync-tools-for-professional-video-editing-step-by-step-guide-2/,How to use ai lip-sync tools for video editing
lipsync.studio,https://lipsync.studio/blog/how-to-lip-sync-video,Complete Guide to AI-Powered Video Lip Synchronization
shortgenius.com,https://shortgenius.com/blog/lip-sync-ai,A Creator's Guide to Mastering Lip Sync AI
captioningstar.com,https://www.captioningstar.com/blog/lip-dubbing-guide/,Ultimate Guide to Lip Dubbing
pagetiger.com,https://www.pagetiger.com/blog/5-emerging-learning-and-development-trends,5 Emerging Learning and Development Trends for 2026
intellum.com,https://www.intellum.com/resources/blog/2026-learning-and-development-trends,2026 L&D Trends: How AI Is Reshaping Learning
omniplexlearning.com,https://omniplexlearning.com/blog/whats-new-in-ld-trends-you-cant-ignore-in-2026/,L&D Trends you can't ignore in 2026
phrase.com,https://phrase.com/blog/posts/language-industry-trends-2026/,Key Trends Shaping the Language Industry in 2026
redokun.com,https://redokun.com/blog/marketing-localization,Marketing Localization 101 Guide
lokalise.com,https://lokalise.com/blog/marketing-localization/,Marketing Localization: Strategy
activecampaign.com,https://www.activecampaign.com/blog/localized-marketing,How to Build a Localized Marketing Strategy
welocalize.com,https://www.welocalize.com/insights/is-your-marketing-localization-strategy-ready-for-whats-next-trends-for-global-teams/,Marketing Localization Strategy Trends
onesky.ai,https://onesky.ai/blog/localization-marketing,Localization Marketing 101: Build a Global Brand
vireovideo.com,https://www.vireovideo.com/how-to-reach-global-audiences-on-youtube/,How to Reach Global Audiences on YouTube
neilpatel.com,https://neilpatel.com/blog/how-to-international-seo/,International SEO Guide: Reach a Global Audience
spoken-here.com,https://spoken-here.com/best-practices/multilingual-videos-improving-training-for-non-english-speaking-employees/,Multilingual Videos Improve Training for Non-English Employees
housesparrowfilms.com,https://housesparrowfilms.com/blogs/how-to-localize-l-d-videos-for-a-global-workforce,How to Localize L&D Videos for a Global Workforce
ssojet.com,https://ssojet.com/blog/video-translation-for-sso-training,How Video Translation Enhances Multilingual User Training
blog.jobpixel.com,https://blog.jobpixel.com/enhancing-diversity-inclusion-multilingual-video-campaigns,Enhancing Diversity with Multilingual Video Campaigns
braahmam.net,https://www.braahmam.net/post/how-professional-subtitling-services-improve-multilingual-video-content,Professional subtitling services improve multilingual video
motionpoint.com,https://www.motionpoint.com/blog/unlocking-new-markets-with-localized-video-content-in-2025/,Unlocking New Markets with Localized Video Content
longstories.ai,https://longstories.ai/blog/ai-vs-manual-video-production-cost-comparison,AI vs Manual Video Production: Cost Comparison
bonomotion.com,https://bonomotion.com/understanding-video-production-costs/,Understanding Video Production Costs
wowto.ai,https://wowto.ai/blog/how-to-create-a-content-localization-strategy-for-customer-education,Content Localization Strategy for Customer Education
skilljar.com,https://www.skilljar.com/blog/how-to-create-a-content-localization-strategy-for-a-global-learner-audience-best-practices,Content Localization Strategy for Global Learner Audience
thoughtindustries.com,https://www.thoughtindustries.com/blog/customer-education-strategy/,How to Build an Effective Customer Education Strategy
learnworlds.com,https://www.learnworlds.com/blog/customer-education/customer-education-strategy/,Customer education strategy: Scaling success
techsmith.com,https://www.techsmith.com/blog/videos-for-customer-connection/,Making Customer Connections: Power of Video
check-n-click.com,https://check-n-click.com/future-proofing-customer-education-strategies-for-2026/,Future-Proofing Customer Education: Strategies 2026
ottolearn.com,https://www.ottolearn.com/post/111-simplify-multilingual-content-with-the-right-microlearning-platform,Simplify Multilingual Content with Microlearning Platform
panopto.com,https://www.panopto.com/blog/microlearning-in-elearning/,Microlearning in eLearning: Transform Your Training
tyfoom.com,https://www.tyfoom.com/blog/video-killed-the-lecture-star-why-your-brain-craves-video-learning/,Video-based Microlearning Trains The Brain For More
7taps.com,https://www.7taps.com/case-study/delivering-job-aids-with-7taps-around-24-countries,Creating inclusive job aids with microlearning
5mins.ai,https://www.5mins.ai/resources/blog/the-multi-format-magic-of-microlearning-platforms-video-text-and-interactive-training-success,Multi-Format Magic of Microlearning Platforms
bizky.ai,https://bizky.ai/blog/employee-engagement-in-global-remote-teams/,Employee Engagement in Global Remote Teams
teamsoftware.com,https://teamsoftware.com/blog/engaging-distributed-teams-through-technology,Engaging Distributed Teams Through Technology
clearcompany.com,https://clearcompany.com/resources/blog/remote-employee-engagement-strategies,Remote Employee Engagement Strategies
powell-software.com,https://powell-software.com/resources/blog/employee-engagement-strategies/,10 Employee Engagement Strategies for Remote Teams
axioshq.com,https://www.axioshq.com/insights/remote-employee-engagement-how-to-boost-employee-engagement-in-remote-and-hybrid-settings,Remote employee engagement: How to boost
chronus.com,https://chronus.com/blog/engaging-remote-workers,Ultimate Guide for Remote Employee Engagement
blog.andovar.com,https://blog.andovar.com/elearning-localization-ultimate-guide,eLearning Localization: Ultimate Guide
thewordpoint.com,https://thewordpoint.com/blog/e-learning-localization-and-e-learning-translation-requirements-guide,E-Learning Localization and Translation Guide
cincopa.com,https://www.cincopa.com/blog/how-to-localize-e-learning-videos-for-a-global-audience/,Localize E-Learning Videos for Global Audience
vidjet.com,https://www.vidjet.com/blog/understanding-the-importance-of-video-localisation-to-boost-e-learning,Video Localisation to Boost E-Learning
focalize-consulting.com,https://focalize-consulting.com/blog/international-go-to-market-strategy,International Go-to-Market Strategy
weglot.com,https://www.weglot.com/blog/content-localization,Build a Successful Content Localization Strategy
trados.com,https://www.trados.com/blog/taking-your-business-into-a-new-market/,Taking your business into a new market
superpath.co,https://www.superpath.co/blog/global-content-strategy,Guide to Creating a Global Content Strategy
globalapptesting.com,https://www.globalapptesting.com/localization-testing/localization-gtm-strategy,Localization: Crucial Step in GTM Strategy
directiveconsulting.com,https://directiveconsulting.com/blog/the-b2b-expansion-marketing-playbook-for-rapid-hyper-localized-market-entry/,B2B Expansion Marketing Playbook
humanfocus.co.uk,https://humanfocus.co.uk/blog/multilingual-health-and-safety-platform-experience/,Multilingual Health and Safety Platform
udext.com,https://www.udext.com/blog/multilingual-safety-briefings-for-distributed-workforces,Multilingual Safety Briefings for Distributed Workforces
vectorsolutions.com,https://www.vectorsolutions.com/resources/course-catalogs/health-safety-environment-hse-foreign-language-training-library/,Multilingual Safety Training HSE Library
ehscareers.com,https://ehscareers.com/employer-blog/multilingual-safety-programs-beyond-google-translate/,Multilingual Safety Programs: Beyond Google Translate
atlantictraining.com,https://www.atlantictraining.com/blog/multilingual-safety-training-companies/,Multilingual Safety Training Companies: Top 5
techclass.com,https://www.techclass.com/resources/learning-and-development-articles/multi-language-member-training-reaching-a-diverse-audience,Multi-Language Member Training
prismascribe.ai,https://prismascribe.ai/blog/the-multilingual-podcast-boom-how-multilingual-transcription-helps-you-reach-3x-audience-without,Multilingual Podcast Boom
theinvestorspodcast.com,https://www.theinvestorspodcast.com/business/global-podcasting-strategies-for-translating-your-audio-content/,Global Podcasting: Strategies for Translating Audio
aimagicx.com,https://www.aimagicx.com/blog/ai-dubbing-video-localization-global-growth-2026,Scale Content Globally with AI Dubbing
speechify.com,https://speechify.com/blog/podcast-dubbing/,Podcast Dubbing: Bridging Languages
gmrtranscription.com,https://www.gmrtranscription.com/blog/podcast-translation-are-podcasts-getting-more-multilingual,Podcast Translation: More Multilingual?
learndash.com,https://www.learndash.com/blog/how-to-translate-your-online-course-and-why-its-a-good-idea/,How to Translate Your Online Course
senseilms.com,https://senseilms.com/translate-elearning/,eLearning Localization: How to Translate Online Course
schoolmaker.com,https://schoolmaker.com/blog/ai-online-course-creator,12 Best AI Online Course Creators in 2026
mindscroll.com,https://mindscroll.com/blog/leverage-a-multilingual-lms-for-all-audiences,Leverage a multilingual LMS for all audiences
academyocean.com,https://academyocean.com/features/multilingual-lms,Multilingual LMS for Diverse E-Learning
yoast.com,https://yoast.com/hreflang-ultimate-guide/,hreflang: the ultimate guide
proceedinnovative.com,https://www.proceedinnovative.com/blog/video-seo-guide-2025/,Video SEO in 2025: 10 Proven Ways to Rank
optimational.com,https://optimational.com/blog/youtube-video-translation-best-practices-for-seo/,SEO Best Practices for YouTube Video Translation
aioseo.com,https://aioseo.com/the-beginners-guide-to-wordpress-multilingual-seo/,Guide to WordPress Multilingual SEO
speeek.io,https://speeek.io/en/blog/video-seo-subtitles-traffic,Video SEO: How Subtitles Boost Organic Traffic
herenow.film,https://www.herenow.film/video-seo-guide,Video SEO Guide For YouTube & Google
almcorp.com,https://almcorp.com/blog/video-seo-ranking-youtube-google-search-rank-your-videos-at-the-top/,Video SEO: Ranking Videos on YouTube and Google
rippleanimation.com,https://www.rippleanimation.com/blog/tips-to-create-multilingual-explainer-videos-with-ai/,Tips To Create Multilingual Explainer Videos
languagewire.com,https://www.languagewire.com/blog/how-to-make-a-good-explainer-video/,How to make a good explainer video
blog.videoscribe.co,https://blog.videoscribe.co/going-global-with-your-explainer-video-voice-over,Going global with your explainer video voice-over
aviewint.com,https://aviewint.com/blog/video-localization,Video Localization: Adapting Content for Global Audience
alconost.com,https://alconost.com/en/blog/tiktok,Behind-the-Scenes Look at TikTok Localization Strategy
ugcfactory.io,https://www.ugcfactory.io/blog/tiktok-translation-for-captions-how-it-works-why-it-matters-2025,TikTok Caption Translation: How It Works
tomedes.com,https://www.tomedes.com/tomedes-insider/what-is-tik-tok.php,TikTok: Localization Done Right at Global Scale
translate.one,https://www.translate.one/how-to-increase-your-global-audience-reach-with-video-translation/,Increase Global Reach With Video Translation
boomshare.ai,https://www.boomshare.ai/blog/reach-a-global-audience-with-ai-video-translator,Reach a Global Audience with AI Video Translator
qandle.com,https://www.qandle.com/blog/ai-for-global-hr/,AI Global HR: Managing Multilingual Remote Teams
moveworks.com,https://www.moveworks.com/us/en/resources/blog/global-hr-service-delivery,How AI Transforms Global HR Service Delivery
darwinbox.com,https://darwinbox.com/blog/how-darwinbox-enables-localization,How Darwinbox Enables Localization
ukg.com,https://www.ukg.com/blog/hr-leaders/hrs-guide-cultural-competence-global-workforce,HR Guide to Cultural Competence in Global Workforce
aihr.com,https://www.aihr.com/blog/global-hr-management/,9 Successful Global HR Management Strategies
woodwing.com,https://www.woodwing.com/blog/building-a-knowledge-sharing-culture-to-boost-remote-team-engagement,Knowledge sharing culture to boost remote engagement
coffeepals.com,https://www.coffeepals.com/blog/how-to-make-collaboration-work-across-time-zones-and-global-teams,Collaboration Across Time Zones and Global Teams
bloomfire.com,https://bloomfire.com/blog/knowledge-sharing-platform-vs-knowledge-base/,Knowledge Sharing Platform Vs Knowledge Base
powtoon.com,https://www.powtoon.com/blog/microsoft-teams-5-ways-video-can-enhance-team-communication/,5 Ways Video Enhances Team Communication in MS Teams
clipchamp.com,https://clipchamp.com/en/blog/video-based-knowledge-remote-teams/,Share knowledge with remote teams using videos
kopia.ai,https://kopia.ai/blog/add-subtitles-to-video-online,Add Subtitles to Video Online Guide 2026
trtc.io,https://trtc.io/blog/details/how-to-translate-subtitles,How to Translate Subtitles: Complete Guide 2026
nlsblog.org,https://nlsblog.org/2026/01/09/transcribing-and-translating-with-subtitle-edit/,Transcribing and Translating with Subtitle Edit
talkingpts.org,https://talkingpts.org/blog/engage-all-families-with-translated-video-captions/6036/,Engage families with translated video captions
interprenet.net,https://interprenet.net/multilingual-subtitling,Multilingual Subtitling Services
bigvu.tv,https://bigvu.tv/blog/drive-global-e-commerce-sales-master-multilingual/,Drive Global E-commerce Sales: Master Multilingual Video
creatify.ai,https://creatify.ai/blog/reaching-global-audiences-with-multilingual-video-content,Reaching Global Audiences with Multilingual Video Content
gotolstoy.com,https://www.gotolstoy.com/blog/ai-video-tools,Top 8 AI Video Tools for E-Commerce
languagedepartment.com,https://languagedepartment.com/how-translation-can-transform-the-real-estate-industry/,How translation can transform real estate industry
5thport.com,https://www.5thport.com/the-power-of-multilingual-video-educating-every-patient-everywhere/,Power of Multilingual Video: Educating Every Patient
videodubbing.com,https://videodubbing.com/blog/post/translating-patient-education-videos-securely/,Translating Patient Education Videos Securely
amnhealthcare.com,https://www.amnhealthcare.com/amn-insights/language-services/whitepapers/beyond-words-boosting-patient-safety-with-video-localization/,Boosting Patient Safety with Video Localization
mytonomy.com,https://www.mytonomy.com/blog/digital-patient-education-microlearning-guide-for-health-systems,Digital Patient Education Microlearning Guide
ulatus.com,https://www.ulatus.com/translation-blog/why-are-video-translation-services-essential-for-the-healthcare-industry/,Why Video Translation is Vital for Healthcare
globalinterpreting.com,https://globalinterpreting.com/blog/patient-education-materials-ensuring-accessibility-for-lep-populations/,Patient Education Materials: Accessibility for LEP
prosci.com,https://www.prosci.com/blog/implementing-change-management-on-a-global,Implement Change Management on Global Scale
webrand.com,https://webrand.com/blog/localization/enterprise-top-5-multilingual-content-management-challenges-solutions,Top 5 Multilingual Content Management Challenges
myshyft.com,https://www.myshyft.com/blog/multilingual-shift-communication/,Multilingual Shift Change Communication
universumglobal.com,https://universumglobal.com/resources/blog/employer-branding-videos:-how-to-create-them-and-best-examples/,Creating Inspiring Employer Branding Videos
usemultiplier.com,https://www.usemultiplier.com/global-hr/guide-to-global-employer-branding,Guide to Global Employer Branding
rallyrecruitmentmarketing.com,https://rallyrecruitmentmarketing.com/2025/09/best-employer-brand-video-examples-2025-featuring-atb-westpac-and-cbre/,Best Employer Brand Video Examples 2025
papirfly.com,https://www.papirfly.com/blog/employer-branding/localized-employer-branding-regional-talent/,Localized employer branding: Regional talent
storiesincorporated.com,https://storiesincorporated.com/best-employer-branding-videos/,Best Employer Branding Videos: Ultimate List
blog.novadub.ai,https://blog.novadub.ai/blog/en/corporate-video-multilingual-training-onboarding-2026/,Multilingual Corporate Videos Training Onboarding
storytellervideos.com,https://www.storytellervideos.com/blog/creating-franchise-training-videos,Creating Training Videos for Your Franchise
codeoftalent.com,https://codeoftalent.com/blog/franchise-training-program-for-hospitality/,Franchise Training Program for Hospitality
dacast.com,https://www.dacast.com/blog/video-training-platform/,Ultimate Guide to Video Training Platform
lemonlight.com,https://www.lemonlight.com/blog/scale-global-campaigns-using-ai-video-localization/,Scale Global Campaigns Using AI Video Localization
beverlyboy.com,https://beverlyboy.com/filmmaking/what-is-multilingual-testimonial-production/,What Is Multilingual Testimonial Production
frameo.ai,https://frameo.ai/blog/create-testimonial-video-script-guide/,Testimonial Video Script Examples
testimonialhero.com,https://www.testimonialhero.com/blog/8-of-the-best-testimonial-videos-and-what-makes-them-great,8 Best Testimonial Videos
finprofiles.com,https://finprofiles.com/insights/videos-for-investor-relations-the-new-must-for-telling-your-story-to-the-street,Videos for investor relations
adhoc-translations.com,https://www.adhoc-translations.com/blog/how-to-translate-annual-reports/,How to Translate Annual Reports
resemble.ai,https://www.resemble.ai/best-voice-ai-models-multilingual-speech/,Best Multilingual AI Text-To-Speech Tools 2026
speechmatics.com,https://www.speechmatics.com/company/articles-and-news/best-tts-apis-in-2025-top-12-text-to-speech-services-for-developers,Best TTS APIs in 2026
fatcowdigital.com,https://fatcowdigital.com/blog/ai-topics/ai-text-to-speech-guide-2026/,Ultimate Guide to AI Text-to-Speech 2026
noiz.ai,https://noiz.ai/use-cases/en/The-Best-Multilingual-AI-Voiceover-Studio,Best Multilingual AI Voiceover Studio 2026
devopsschool.com,https://www.devopsschool.com/blog/top-10-ai-multilingual-voiceover-tools-in-2025-features-pros-cons-comparison/,Top 10 AI Multilingual Voiceover Tools 2026
inworld.ai,https://inworld.ai/resources/best-ai-voice-generators,Best AI Voice Generators 2026
voiceovermaker.com,https://voiceovermaker.com/blog/free-ai-voice-generator-2025/,Free AI Voice Generator: Best TTS Tools 2026
artlist.io,https://artlist.io/blog/elevenlabs-multilingual-v2-live-on-artlist/,ElevenLabs Multilingual v2 on Artlist
articles.speakatoo.com,https://articles.speakatoo.com/best-ai-voice-generator-tools-in-2026-why-speakatoo-leads-the-voice-tech-revolution/,Best AI Voice Generator Tools 2026
interprefy.com,https://www.interprefy.com/resources/blog/the-language-technology-landscape-an-enterprise-buyers-guide,Language Technology Landscape 2026
youngurbanproject.com,https://www.youngurbanproject.com/best-ai-voiceover-tools/,Best AI Voiceover Tools 2026
scmgalaxy.com,https://www.scmgalaxy.com/tutorials/top-10-ai-multilingual-voiceovers-tools-in-2025-features-pros-cons-comparison/,Top 10 AI Multilingual Voiceovers Tools 2026
multilingualconnections.com,https://multilingualconnections.com/blog/the-power-of-translation-in-building-a-more-inclusive-workplace-culture/,Translation in Building Inclusive Workplace Culture
astlanguage.com,https://www.astlanguage.com/blog/how-multilingual-training-benefits-organisations-dei-efforts/,How Multilingual Training Benefits DEI Efforts
ititranslates.com,https://ititranslates.com/navigating-dei-changes-what-it-means-for-language-services/,DEI Changes: What it Means for Language Services
netchex.com,https://netchex.com/the-language-of-learning-the-importance-of-multilingual-training/,Importance of Multilingual Training
diversifuse.com,https://diversifuse.com/blog/f/language-and-inclusion-supporting-multilingual-workplaces,Language and Inclusion: Multilingual Workplaces
languageworld.com,https://languageworld.com/achieving-dei-through-language-access/,Achieving DEI Through Language Access
shootsta.com,https://shootsta.com/blog/video-content-localization-global-markets/,Video Content Localization for Global Markets
abev.ai,https://www.abev.ai/blog/global-brand-consistency-vs-local-relevance-the-workflow-that-stops-localization-from-slowing-you-down,Global Brand Consistency vs Local Relevance
contentful.com,https://www.contentful.com/blog/multilingual-content-marketing/,Multilingual content marketing that drives engagement
poeditor.com,https://poeditor.com/blog/global-localization-examples/,10 Global localization examples
growth-engines.com,https://growth-engines.com/insights/branding/maintaining-consistent-brand-identity-across-digital-markets,Consistent Brand Identity Across Digital Markets
easycontent.io,https://easycontent.io/resources/content-templates-for-global-consistency/,Content Templates for Global Consistency
adverbum.com,https://www.adverbum.com/post/best-ai-translation-tools-in-2026-ranked-8,Top 8 Best AI Translation Tools 2026
lilt.com,https://lilt.com/blog/best-ai-translation-tools-choosing-the-right-platform-for-global-communication,Best AI Translation Tools: Choosing the Right Platform
keevx.com,https://www.keevx.com/en/blog/best-ai-video-translators-in-2026-features-quality-use-cases,Best AI Video Translators 2026
enterprisetube.com,https://enterprisetube.com/blog/learning-and-development,Learning and Development: Video-Based Workforce Training
deephow.com,https://deephow.com/blog/8-expert-tips-for-video-training,8 expert tips for creating video training for skilled workforce
learningzen.com,https://www.learningzen.com/elearning/luma1-transforming-your-videos-into-engaging-tutorials/,Transforming Videos Into Engaging Tutorials
clueso.io,https://www.clueso.io/blog/ai-video-translation,AI Video Translation for Customer Education
camb.ai,https://www.camb.ai/es/blog-post/the-ultimate-guide-to-video-translation-tools-and-tips,Ultimate Guide to Video Translation Tools
transyncai.com,https://www.transyncai.com/blog/how-to-translate-youtube-video-to-english/,How to Translate YouTube Video to English
vatis.tech,https://vatis.tech/blog/how-to-translate-youtube-videos-your-easy-guide,How to Translate YouTube Videos: Easy Guide
curify-ai.com,https://www.curify-ai.com/blog/translate-youtube-video,How to Translate YouTube Videos: Complete AI Guide 2026
